Employee_ID,Name,Age,Department,Salary
101,Anjali Kumar,25,Sales,30676.0
102,Sonal Singh,27,Marketing,47267.0
103,Tanvi Yadav,30,Marketing,51293.0
104,Arjun Gupta,39,IT,51762.0
105,Neha Jain,34,HR,47959.0
106,Ritika Reddy,28,Marketing,24313.0
107,Abhishek Gupta,24,Finance,21134.0
108,Kajal Kapoor,31,Marketing,32944.0
109,Sandeep Mehta,31,Sales,46860.0
110,Rohit Mehta,34,HR,37967.0
111,Sonal Gupta,31,IT,55466.0
112,Priya Yadav,37,Finance,26930.0
113,Nisha Kapoor,23,Sales,21969.0
114,Payal Sharma,24,Finance,34834.0
115,Rajesh Mehta,34,Sales,41590.0
116,Rajesh Yadav,23,Finance,32614.0
117,Vikas Jain,22,Finance,28639.0
118,Karan Jain,25,IT,36141.0
119,Aditya Jain,39,HR,54206.0
120,Abhishek Singh,26,Finance,42249.0
121,Vikas Mehta,37,Finance,46760.0
122,Neha Reddy,38,Marketing,27851.0
123,Rajesh Sharma,29,HR,41141.0
124,Ravi Jain,28,IT,41921.0
125,Rajesh Jain,29,Sales,56705.0
126,Meena Jain,39,Marketing,25028.0
127,Priya Kumar,31,HR,46819.0
128,Rahul Mehta,29,Marketing,30974.0
129,Sandeep Reddy,33,HR,51408.0
130,Rahul Yadav,23,Sales,47690.0
131,Aman Jain,31,Marketing,27905.0
132,Sneha Kumar,37,IT,44398.0
133,Sneha Gupta,29,Sales,37283.0
134,Sonal Verma,38,Sales,47833.0
135,Rahul Mehta,23,Finance,44347.0
136,Komal Yadav,28,Marketing,26771.0
137,Rajesh Gupta,23,Sales,50362.0
138,Rajesh Mehta,35,Marketing,51320.0
139,Rahul Yadav,38,Finance,47522.0
140,Rohit Singh,35,Sales,22828.0
141,Sneha Jain,32,IT,59120.0
142,Meena Kapoor,30,IT,43066.0
143,Varun Yadav,36,HR,52632.0
144,Sneha Jain,34,Finance,59261.0
145,Manish Gupta,32,Marketing,20997.0
146,Simran Verma,40,Marketing,42810.0
147,Rahul Gupta,39,Sales,20527.0
148,Aditya Sharma,35,Sales,58498.0
149,Meena Reddy,34,Sales,52201.0
150,Manish Gupta,22,Marketing,35472.0
151,Ritika Sharma,30,HR,40341.0
152,Ritika Kapoor,39,Marketing,39237.0
153,Sonal Reddy,37,HR,25669.0
154,Divya Kapoor,33,Sales,28444.0
155,Sneha Singh,27,Marketing,54656.0
156,Sonal Singh,24,IT,23693.0
157,Anjali Mehta,28,Finance,43242.0
158,Divya Verma,26,HR,27117.0
159,Neha Verma,22,IT,49160.0
160,Rajesh Kapoor,36,HR,59580.0
161,Varun Mehta,36,IT,36961.0
162,Neha Kapoor,27,Marketing,49761.0
163,Rahul Kumar,40,Sales,21909.0
164,Rohit Singh,33,HR,25123.0
165,Karan Kumar,38,Marketing,40272.0
166,Ashish Verma,30,Finance,31254.0
167,Deepak Yadav,27,Sales,22835.0
168,Payal Kumar,39,HR,50864.0
169,Sneha Kumar,27,Sales,53247.0
170,Sandeep Mehta,28,Finance,49479.0
171,Ritika Singh,23,Marketing,34447.0
172,Ritika Verma,33,Finance,59743.0
173,Rahul Gupta,24,HR,34007.0
174,Ritika Singh,38,Sales,39790.0
175,Sneha Reddy,38,HR,37855.0
176,Ravi Reddy,26,IT,45748.0
177,Tanvi Kumar,25,Marketing,52318.0
178,Anjali Yadav,28,Finance,47243.0
179,Rahul Reddy,26,HR,50151.0
180,Anjali Kumar,24,HR,38949.0
181,Anjali Yadav,29,HR,50566.0
182,Rohit Verma,26,Marketing,30197.0
183,Priya Singh,37,Marketing,39515.0
184,Payal Sharma,29,Finance,43008.0
185,Rajesh Sharma,22,Marketing,21395.0
186,Nisha Mehta,24,HR,34962.0
187,Sandeep Mehta,23,Marketing,54718.0
188,Payal Yadav,24,Finance,20002.0
189,Kajal Singh,26,IT,46510.0
190,Pooja Yadav,26,HR,44538.0
191,Ashish Sharma,38,IT,38807.0
192,Komal Mehta,30,Sales,53255.0
193,Divya Singh,31,IT,34288.0
194,Payal Yadav,27,Sales,59366.0
195,Abhishek Reddy,28,HR,29514.0
196,Rohit Yadav,26,HR,51296.0
197,Kajal Verma,35,Sales,36466.0
198,Ritika Singh,40,HR,40359.0
199,Pooja Kapoor,40,Finance,52101.0
200,Sonal Kapoor,31,Finance,43917.0
201,Abhishek Singh,39,Finance,53929.0
202,Nisha Gupta,38,Finance,41186.0
203,Aditya Jain,23,Marketing,54255.0
204,Pooja Reddy,22,Finance,58658.0
205,Abhishek Kumar,22,HR,44788.0
206,Sandeep Singh,36,HR,48870.0
207,Vikas Singh,34,Marketing,51465.0
208,Ritika Gupta,31,IT,39153.0
209,Nisha Gupta,35,Marketing,55797.0
210,Rohit Verma,27,IT,47376.0
211,Kajal Singh,25,HR,36653.0
212,Anjali Kumar,35,Finance,28605.0
213,Vikas Kapoor,35,Sales,36841.0
214,Ravi Kapoor,23,Finance,41788.0
215,Rahul Yadav,26,Marketing,36026.0
216,Sneha Sharma,29,Sales,34361.0
217,Meena Kapoor,37,Sales,59475.0
218,Aditya Sharma,37,Marketing,30069.0
219,Tanvi Verma,27,Marketing,48702.0
220,Priya Gupta,34,Finance,24704.0
221,Aman Singh,32,IT,33066.0
222,Rahul Mehta,22,HR,22069.0
223,Neha Kapoor,22,HR,26642.0
224,Rohit Reddy,22,IT,36641.0
225,Tanvi Jain,38,HR,50046.0
226,Nisha Jain,32,IT,49031.0
227,Ashish Singh,26,Sales,30157.0
228,Rahul Yadav,29,Finance,33277.0
229,Rajesh Jain,23,IT,23530.0
230,Ritika Mehta,27,HR,24961.0
231,Ravi Jain,28,HR,23869.0
232,Abhishek Kumar,32,IT,58198.0
233,Sneha Yadav,37,IT,28092.0
234,Manish Gupta,25,Marketing,45946.0
235,Anjali Gupta,28,HR,20603.0
236,Karan Mehta,34,Marketing,21357.0
237,Sandeep Jain,24,HR,35329.0
238,Rahul Gupta,23,Finance,46206.0
239,Ritika Singh,39,HR,30945.0
240,Rohit Yadav,23,Marketing,50547.0
241,Sonal Mehta,23,Finance,58925.0
242,Vikas Jain,25,Finance,28956.0
243,Meena Kapoor,27,Finance,33762.0
244,Simran Sharma,35,HR,46755.0
245,Rahul Kapoor,29,IT,37659.0
246,Sonal Mehta,37,IT,24012.0
247,Kajal Singh,38,IT,45581.0
248,Varun Sharma,31,Finance,41175.0
249,Ravi Jain,40,IT,25994.0
250,Sonal Mehta,23,HR,38673.0
251,Simran Yadav,40,Sales,52346.0
252,Komal Jain,31,Sales,27901.0
253,Deepak Kumar,27,Marketing,33620.0
254,Aditya Sharma,40,Marketing,47902.0
255,Varun Jain,38,Finance,22005.0
256,Varun Kumar,29,Sales,39341.0
257,Ashish Singh,34,IT,36301.0
258,Tanvi Yadav,23,HR,20274.0
259,Neha Jain,39,Sales,31160.0
260,Tanvi Mehta,39,HR,21703.0
261,Anjali Verma,40,Marketing,44019.0
262,Vikas Yadav,24,IT,32625.0
263,Sonal Kumar,32,Marketing,28765.0
264,Arjun Verma,31,Finance,59897.0
265,Kajal Yadav,30,Finance,49194.0
266,Ravi Verma,37,Sales,39434.0
267,Deepak Jain,27,Marketing,43243.0
268,Nisha Mehta,37,Sales,55847.0
269,Karan Yadav,40,IT,52300.0
270,Ravi Kumar,34,IT,35525.0
271,Sandeep Kumar,28,Marketing,26053.0
272,Payal Kapoor,22,Marketing,27836.0
273,Divya Jain,40,Finance,20165.0
274,Tanvi Kumar,38,HR,34983.0
275,Deepak Kumar,22,Finance,29521.0
276,Anjali Yadav,32,HR,53709.0
277,Sonal Kumar,32,Sales,51349.0
278,Divya Singh,24,Finance,35311.0
279,Sneha Reddy,29,IT,32698.0
280,Vikas Singh,23,IT,42043.0
281,Varun Kapoor,26,IT,57571.0
282,Ravi Mehta,40,IT,53158.0
283,Payal Verma,23,Finance,37107.0
284,Ritika Jain,36,Marketing,45029.0
285,Komal Verma,35,Finance,45727.0
286,Neha Yadav,29,Finance,49780.0
287,Payal Singh,33,Finance,30397.0
288,Sonal Mehta,38,Finance,44017.0
289,Sonal Yadav,31,Sales,36614.0
290,Vikas Sharma,28,Marketing,40028.0
291,Manish Yadav,26,IT,45253.0
292,Ritika Reddy,40,IT,25724.0
293,Varun Yadav,38,IT,52108.0
294,Anjali Yadav,35,Finance,30641.0
295,Aditya Singh,39,HR,30931.0
296,Tanvi Verma,26,Finance,56532.0
297,Manish Mehta,28,Marketing,24895.0
298,Ravi Singh,25,HR,24261.0
299,Meena Mehta,32,Finance,54977.0
300,Aditya Sharma,34,Finance,58921.0
301,Deepak Reddy,26,Finance,54538.0
302,Deepak Verma,33,HR,22493.0
303,Karan Singh,22,HR,27330.0
304,Ravi Kumar,31,Marketing,46836.0
305,Rahul Mehta,40,Finance,41244.0
306,Sneha Kapoor,24,Sales,33318.0
307,Sneha Jain,23,Marketing,55435.0
308,Rajesh Mehta,36,HR,24461.0
309,Divya Sharma,28,Sales,44713.0
310,Ravi Verma,38,HR,56995.0
311,Neha Mehta,29,Marketing,53106.0
312,Aman Mehta,24,Sales,33949.0
313,Vikas Gupta,35,Sales,46696.0
314,Aditya Kumar,27,Sales,36208.0
315,Pooja Reddy,22,HR,57698.0
316,Tanvi Verma,28,IT,33510.0
317,Rohit Sharma,23,Finance,41837.0
318,Rajesh Kumar,32,Finance,38733.0
319,Priya Kapoor,34,HR,49350.0
320,Kajal Sharma,27,Sales,27660.0
321,Meena Jain,28,Marketing,30711.0
322,Meena Reddy,23,Marketing,50131.0
323,Meena Reddy,24,Marketing,24624.0
324,Varun Verma,24,HR,29572.0
325,Ravi Mehta,33,HR,33295.0
326,Simran Mehta,33,IT,45877.0
327,Neha Mehta,31,IT,46815.0
328,Anjali Sharma,34,IT,36572.0
329,Neha Mehta,37,Marketing,57517.0
330,Aditya Verma,38,Finance,29851.0
331,Payal Reddy,30,Sales,40921.0
332,Kajal Yadav,26,HR,29039.0
333,Komal Singh,31,IT,35138.0
334,Deepak Mehta,40,IT,20489.0
335,Aditya Yadav,26,IT,20531.0
336,Payal Reddy,35,HR,38648.0
337,Komal Verma,33,Sales,58712.0
338,Manish Jain,32,Finance,23139.0
339,Vikas Singh,37,Marketing,26855.0
340,Payal Singh,39,Marketing,28675.0
341,Deepak Jain,24,HR,35876.0
342,Priya Sharma,40,Sales,32123.0
343,Sonal Jain,40,Sales,25176.0
344,Rajesh Sharma,32,Marketing,20282.0
345,Ravi Yadav,39,Finance,51461.0
346,Pooja Kapoor,32,Finance,41717.0
347,Rahul Yadav,28,Sales,21151.0
348,Abhishek Verma,24,Finance,22773.0
349,Kajal Sharma,27,Marketing,54653.0
350,Pooja Jain,30,Marketing,39410.0
351,Karan Mehta,33,Finance,25258.0
352,Tanvi Mehta,24,HR,58153.0
353,Nisha Singh,30,IT,40225.0
354,Priya Yadav,39,Sales,40696.0
355,Divya Reddy,24,HR,58401.0
356,Divya Gupta,25,Marketing,53316.0
357,Arjun Kumar,39,Sales,37471.0
358,Tanvi Verma,34,Marketing,39736.0
359,Tanvi Reddy,27,Marketing,34781.0
360,Manish Gupta,25,IT,33640.0
361,Priya Kumar,31,HR,51495.0
362,Divya Kapoor,38,IT,43481.0
363,Tanvi Mehta,36,Finance,59427.0
364,Varun Gupta,32,HR,41687.0
365,Aditya Kumar,30,HR,59094.0
366,Arjun Singh,27,Finance,34090.0
367,Tanvi Reddy,37,Sales,33163.0
368,Deepak Sharma,26,HR,55075.0
369,Ashish Reddy,35,Finance,25083.0
370,Kajal Sharma,29,IT,28181.0
371,Manish Kumar,33,HR,43833.0
372,Aditya Yadav,34,HR,42547.0
373,Ravi Reddy,35,Sales,59714.0
374,Varun Verma,29,IT,48405.0
375,Aditya Kapoor,26,HR,48364.0
376,Rajesh Jain,31,Marketing,22958.0
377,Vikas Singh,28,HR,45701.0
378,Nisha Yadav,37,Sales,50585.0
379,Karan Sharma,40,Marketing,36626.0
380,Divya Jain,31,Marketing,22812.0
381,Nisha Kapoor,39,Marketing,40525.0
382,Karan Singh,30,IT,44401.0
383,Pooja Singh,27,IT,28327.0
384,Neha Singh,34,Finance,55290.0
385,Anjali Kapoor,32,HR,57553.0
386,Sneha Singh,30,Marketing,28890.0
387,Vikas Sharma,26,Sales,40357.0
388,Pooja Reddy,26,IT,40974.0
389,Ravi Mehta,38,IT,47540.0
390,Komal Verma,24,Finance,39901.0
391,Deepak Kumar,36,HR,35640.0
392,Arjun Kumar,32,Marketing,51829.0
393,Karan Gupta,35,IT,39359.0
394,Priya Sharma,30,Marketing,35149.0
395,Komal Sharma,35,Marketing,20019.0
396,Neha Kumar,36,IT,38074.0
397,Ravi Sharma,28,IT,52780.0
398,Payal Singh,29,IT,28602.0
399,Tanvi Reddy,30,HR,43471.0
400,Kajal Yadav,30,Sales,57932.0
401,Ritika Reddy,36,Marketing,50057.0
402,Rahul Sharma,30,Sales,24858.0
403,Varun Jain,37,IT,23579.0
404,Abhishek Jain,34,IT,23479.0
405,Sandeep Gupta,23,Marketing,44663.0
406,Simran Reddy,35,Marketing,38371.0
407,Vikas Singh,31,Sales,50121.0
408,Pooja Kapoor,29,Marketing,56981.0
409,Ravi Mehta,24,Finance,55504.0
410,Abhishek Gupta,24,Sales,38175.0
411,Kajal Sharma,39,IT,49998.0
412,Simran Singh,23,Sales,34898.0
413,Sonal Kumar,25,HR,49263.0
414,Payal Reddy,28,IT,56324.0
415,Ashish Jain,37,IT,26157.0
416,Ashish Singh,36,Sales,25167.0
417,Tanvi Singh,38,Finance,51976.0
418,Abhishek Sharma,31,Finance,43906.0
419,Komal Gupta,23,Sales,21981.0
420,Meena Verma,29,IT,48470.0
421,Kajal Yadav,24,IT,25068.0
422,Nisha Kapoor,29,Sales,36261.0
423,Payal Sharma,25,Finance,37001.0
424,Pooja Yadav,27,IT,28169.0
425,Rahul Yadav,24,Sales,42478.0
426,Kajal Sharma,31,Finance,57120.0
427,Kajal Reddy,38,HR,53041.0
428,Abhishek Gupta,34,Sales,43779.0
429,Sandeep Kapoor,26,IT,47616.0
430,Kajal Yadav,38,Finance,49235.0
431,Ashish Sharma,35,Finance,57426.0
432,Pooja Yadav,23,HR,33037.0
433,Vikas Yadav,23,Finance,43561.0
434,Pooja Gupta,37,Sales,54707.0
435,Arjun Sharma,32,Marketing,31618.0
436,Anjali Kumar,33,Sales,41875.0
437,Ritika Reddy,24,Marketing,28366.0
438,Sandeep Singh,39,Marketing,55798.0
439,Ritika Reddy,31,Finance,27107.0
440,Komal Verma,29,Marketing,27844.0
441,Payal Singh,40,HR,34377.0
442,Neha Gupta,37,Marketing,23279.0
443,Aditya Gupta,30,HR,35587.0
444,Tanvi Jain,40,IT,50282.0
445,Nisha Gupta,26,Sales,23189.0
446,Neha Kumar,26,IT,40348.0
447,Ashish Kumar,37,Sales,32575.0
448,Arjun Singh,37,IT,54116.0
449,Ritika Sharma,25,IT,45738.0
450,Rajesh Jain,35,Sales,30350.0
451,Sneha Kapoor,27,Marketing,48425.0
452,Karan Mehta,27,Marketing,53168.0
453,Simran Mehta,36,Marketing,57744.0
454,Rahul Singh,28,HR,54484.0
455,Sonal Mehta,36,HR,21905.0
456,Pooja Jain,40,HR,40078.0
457,Rajesh Gupta,25,IT,55832.0
458,Rahul Mehta,34,HR,56305.0
459,Aditya Yadav,28,IT,32023.0
460,Rohit Reddy,29,HR,50990.0
461,Nisha Kapoor,26,IT,57739.0
462,Kajal Gupta,37,Marketing,27121.0
463,Payal Singh,40,IT,35037.0
464,Aman Mehta,28,Sales,33650.0
465,Aditya Verma,26,Finance,40875.0
466,Varun Sharma,24,Marketing,21566.0
467,Varun Sharma,23,IT,26037.0
468,Rohit Verma,34,Sales,39280.0
469,Ashish Verma,25,HR,53510.0
470,Rajesh Kumar,40,Sales,30538.0
471,Karan Gupta,30,HR,29114.0
472,Meena Sharma,40,Sales,58065.0
473,Sneha Yadav,36,HR,20477.0
474,Karan Reddy,24,Finance,44605.0
475,Sonal Kumar,39,Finance,49370.0
476,Tanvi Sharma,34,Sales,48053.0
477,Ravi Gupta,26,HR,25511.0
478,Manish Jain,22,IT,54278.0
479,Divya Singh,23,Finance,47728.0
480,Ritika Verma,30,Marketing,40404.0
481,Simran Sharma,30,IT,58213.0
482,Neha Yadav,36,Marketing,43042.0
483,Ravi Reddy,39,Sales,29851.0
484,Anjali Reddy,34,Marketing,38337.0
485,Divya Jain,36,Finance,40318.0
486,Meena Singh,25,Marketing,43136.0
487,Rohit Kumar,30,Finance,26387.0
488,Rahul Yadav,31,Finance,51959.0
489,Priya Yadav,33,HR,41262.0
490,Arjun Reddy,30,Finance,31076.0
491,Arjun Verma,28,IT,34209.0
492,Ravi Yadav,32,Marketing,43817.0
493,Karan Sharma,31,Marketing,42459.0
494,Rohit Sharma,37,HR,28829.0
495,Sneha Sharma,29,Sales,35115.0
496,Ravi Mehta,30,HR,44349.0
497,Manish Kapoor,32,Marketing,51920.0
498,Meena Gupta,25,Finance,56801.0
499,Varun Jain,34,HR,20608.0
500,Anjali Reddy,34,Sales,22310.0
501,Meena Kapoor,31,Marketing,53121.0
502,Sonal Sharma,39,Marketing,54008.0
503,Vikas Yadav,22,Finance,44768.0
504,Arjun Jain,26,IT,26607.0
505,Rohit Yadav,30,Marketing,32177.0
506,Priya Verma,34,Finance,58386.0
507,Kajal Yadav,40,Finance,28781.0
508,Manish Reddy,39,Marketing,52224.0
509,Varun Kapoor,35,HR,43204.0
510,Pooja Verma,36,Sales,26505.0
511,Ravi Kumar,25,Sales,55192.0
512,Meena Reddy,39,Finance,57033.0
513,Rahul Reddy,24,Finance,52217.0
514,Simran Verma,31,Marketing,43514.0
515,Payal Jain,37,HR,25061.0
516,Arjun Gupta,32,IT,41324.0
517,Manish Gupta,26,Sales,58841.0
518,Aman Mehta,31,IT,48694.0
519,Kajal Yadav,25,Marketing,43550.0
520,Varun Singh,25,Finance,33942.0
521,Sonal Singh,27,Marketing,25389.0
522,Sneha Reddy,36,IT,32322.0
523,Ravi Mehta,29,HR,33176.0
524,Komal Kapoor,38,HR,30018.0
525,Manish Yadav,25,HR,49381.0
526,Tanvi Kumar,26,IT,23828.0
527,Sandeep Kumar,28,IT,59653.0
528,Payal Gupta,34,Finance,49856.0
529,Payal Mehta,26,Sales,21279.0
530,Sneha Kapoor,27,Finance,34605.0
531,Arjun Gupta,27,Sales,51823.0
532,Meena Kumar,40,Sales,39374.0
533,Varun Verma,28,HR,35911.0
534,Rohit Sharma,25,HR,31182.0
535,Ashish Verma,35,Finance,36655.0
536,Priya Gupta,37,Marketing,52196.0
537,Ritika Gupta,35,IT,23205.0
538,Divya Singh,25,Sales,38647.0
539,Rahul Kumar,37,Marketing,36143.0
540,Ashish Yadav,23,IT,51341.0
541,Ashish Reddy,29,Sales,26805.0
542,Deepak Reddy,31,Marketing,30160.0
543,Ritika Mehta,28,Sales,32412.0
544,Meena Yadav,27,Finance,39289.0
545,Divya Kapoor,38,Finance,32026.0
546,Aman Yadav,23,Finance,35247.0
547,Divya Gupta,24,IT,59705.0
548,Karan Sharma,35,Marketing,48929.0
549,Sneha Reddy,29,HR,44551.0
550,Sandeep Kapoor,35,HR,54570.0
551,Karan Gupta,33,IT,46769.0
552,Ashish Yadav,40,Marketing,47985.0
553,Sneha Yadav,30,IT,29333.0
554,Neha Gupta,29,HR,34812.0
555,Payal Jain,34,IT,47717.0
556,Kajal Gupta,36,Marketing,47756.0
557,Priya Reddy,39,IT,44229.0
558,Kajal Gupta,31,Sales,30129.0
559,Rahul Jain,39,Marketing,47729.0
560,Rajesh Jain,29,Sales,36380.0
561,Payal Jain,27,Finance,36694.0
562,Manish Singh,25,IT,46833.0
563,Simran Mehta,40,Sales,59492.0
564,Karan Kapoor,40,Finance,23828.0
565,Anjali Jain,36,HR,42539.0
566,Anjali Jain,35,IT,59524.0
567,Tanvi Gupta,24,Sales,31914.0
568,Meena Kapoor,32,Finance,35350.0
569,Anjali Verma,23,Sales,35992.0
570,Tanvi Singh,22,HR,44190.0
571,Sneha Verma,25,HR,26146.0
572,Komal Kapoor,33,HR,32560.0
573,Karan Jain,23,Finance,37035.0
574,Rahul Kumar,29,HR,30506.0
575,Ritika Kapoor,35,Finance,40459.0
576,Arjun Mehta,29,Marketing,27437.0
577,Arjun Jain,34,Sales,34898.0
578,Priya Yadav,29,Sales,31506.0
579,Neha Mehta,35,Finance,50381.0
580,Priya Singh,30,IT,29351.0
581,Vikas Gupta,35,Finance,22595.0
582,Rohit Kumar,30,Marketing,32029.0
583,Sneha Gupta,25,Finance,48373.0
584,Rahul Kumar,38,Finance,51292.0
585,Kajal Kapoor,26,Sales,20976.0
586,Abhishek Singh,36,IT,52123.0
587,Ashish Yadav,28,Marketing,32614.0
588,Arjun Yadav,24,Finance,42228.0
589,Aditya Sharma,38,Sales,24239.0
590,Tanvi Mehta,31,Marketing,55403.0
591,Nisha Mehta,38,Finance,21949.0
592,Aman Kapoor,37,Sales,21595.0
593,Divya Jain,39,Marketing,33063.0
594,Sneha Singh,22,Finance,38072.0
595,Rajesh Reddy,28,Finance,49938.0
596,Payal Mehta,25,Sales,53597.0
597,Rahul Reddy,23,IT,23870.0
598,Rohit Sharma,37,Sales,40932.0
599,Rahul Singh,35,Sales,53297.0
600,Simran Mehta,39,Finance,21102.0
